176086;news
3220827;religion
1587407;adult
165996;music
176061;news
2486799;hunting
176130;news
14580;alcohol
1587232;adult
1587237;adult
1364763;religion
14632;alcohol
2405268;ecommerce
1587257;adult
166010;music
165981;music
1587375;adult
2405226;ecommerce
1587233;adult
3220836;religion
2405201;ecommerce
1587291;adult
27479;chat
27498;chat
2928656;medical
1587410;adult
3220707;religion
3220894;religion
176074;news
27469;chat
116015;gamesonline
2486807;hunting
2928646;medical
116063;gamesonline
14626;alcohol
1364863;religion
165978;music
27488;chat
27582;chat
2486821;hunting
2405286;ecommerce
1587236;adult
1587240;adult
176067;news
2928651;medical
2928627;medical
27477;chat
116054;gamesonline
2405221;ecommerce
3220824;religion
166110;music
27489;chat
2405233;ecommerce
116060;gamesonline
14638;alcohol
27514;chat
166144;music
2928655;medical
14597;alcohol
3220896;religion
3220842;religion
116044;gamesonline
116061;gamesonline
176055;news
176100;news
176149;news
2405287;ecommerce
14636;alcohol
2486810;hunting
166104;music
2928650;medical
176080;news
166055;music
166112;music
14589;alcohol
14629;alcohol
3220829;religion
2405247;ecommerce
2928633;medical
116016;gamesonline
116014;gamesonline
2486805;hunting
116053;gamesonline
2486823;hunting
14610;alcohol
2486796;hunting
2928613;medical
116046;gamesonline
14634;alcohol
2928654;medical
2405229;ecommerce
2405218;ecommerce
166016;music
27472;chat
2486826;hunting
176102;news
2486819;hunting
2486832;hunting
2928622;medical
27485;chat
