1,165978,http://121musicblog.com
2,165981,http://123musicstars.com
3,165996,http://16thavenuemusic.com
4,166010,http://1a-tanzmusik.de
5,166016,http://2063music.de
6,166055,http://302music.tripod.com
7,166104,http://6arab.com
8,166110,http://6rbtop.com
9,166112,http://6rp.com
10,166144,http://a3music.co.uk
1001,116014,http://1000-spiele.de
1002,116015,http://1000webgames.com
1003,116016,http://1001flashgames.com
1004,116044,http://100igr.info
1005,116046,http://100rye.itgo.com
1006,116053,http://10flash.net
1007,116054,http://1100ad.ru
1008,116060,http://123freecell.com
1009,116061,http://123games.ctp-design.net
1010,116063,http://123-games.net
2001,27469,http://021.jp
2002,27472,http://1001words.com
2003,27477,http://1111.bravepages.com
2004,27479,http://121chat.com
2005,27485,http://12bb.de
2006,27488,http://12steps.org
2007,27489,http://13thfret.com
2008,27498,http://18watt.com
2009,27514,http://2000teenchat.com
2010,27582,http://21publish.com
3001,2405201,http://00sake.com
3002,2405218,http://1001boats.com
3003,2405221,http://1001cigarettes.com
3004,2405226,http://1001mobileaccessories.co.uk
3005,2405229,http://1001persianrugs.com
3006,2405233,http://100autoguide.com
3007,2405247,http://101cells.com
3008,2405268,http://11x17.com
3009,2405286,http://123ezpainrelief.com
3010,2405287,http://123fountains.com
4007,1587291,http://0-adultfriendfinder.com
4001,1587232,http://-allporn-.tumblr.com
4002,1587233,http://-becca-anal-.tumblr.com
4003,1587236,http://-dirtylittleslut.tumblr.com
4004,1587237,http://-johnnymo.tumblr.com
4005,1587240,http://-pc-load-letter-.tumblr.com
4006,1587257,http://-pornhub.tumblr.com
4008,1587375,http://0-syxela.tumblr.com
4009,1587407,http://000-475-843.tumblr.com
4010,1587410,http://000-coralinne-xxx-sara-calixto.tumblr.com
5001,14580,http://21st-amendment.com
5002,14589,http://akvinta.com
5003,14597,http://ardbeg.com
5004,14610,http://bakonvodka.com
5005,14626,http://beerdrinkersguide.com
5006,14629,http://beerhunter.com
5007,14632,http://beermonstersguidetoalcoholicbeverages.com
5008,14634,http://beerpal.com
5009,14636,http://beersofeurope.co.uk
5010,14638,http://beer-universe.com
6001,2486796,http://2diamondw.com
6002,2486799,http://2moutfitters.com
6003,2486805,http://3rtrophyranch.com
6004,2486807,http://46750.com
6005,2486810,http://4csgameranch.com
6006,2486819,http://4rranch.net
6007,2486821,http://4swhitetailranch.com
6008,2486823,http://5franch.com
6009,2486826,http://5startrophyoutfitters.com
6010,2486832,http://805ranch.com
7001,176055,http://002mag.com
7002,176061,http://055news.it
7003,176067,http://100blackmen.org
7004,176074,http://1017thebeach.com
7005,176080,http://101.ru
7006,176086,http://102fm.co.il
7007,176100,http://1045thebuzz.com
7008,176102,http://1047kcld.com
7009,176130,http://1075alive.com
7010,176149,http://1160wccs.com
8001,2928613,http://1-800-therapist.com
8002,2928622,http://100harleyst.co.uk
8003,2928627,http://101palpations.com.au
8004,2928633,http://1066pinkladies.org.uk
8005,2928646,http://12121.hostinguk.com
8006,2928650,http://121healthandsafetyservices.co.uk
8007,2928651,http://121healthcare.com
8008,2928654,http://121personaltrainer.co.uk
8009,2928655,http://121personaltrainers.com
8010,2928656,http://121wellness.com
9001,1364763,http://hosannachurch.com
9002,1364863,http://inspirationchurch.org
9003,3220707,http://bethanybaptistchurch.org.uk
9004,3220824,http://bethedenbc.com
9005,3220827,http://bethel-ame.org
9006,3220829,http://bethel-baptist-online.net
9007,3220836,http://bethel-kingsport.org
9008,3220842,http://bethel-md.org
9009,3220894,http://bethelbeaverton.org
9010,3220896,http://bethelbfc.org
